{
    "vertices":[2.99272,-1.30816e-07,-2.99272,-2.99272,-1.30816e-07,-2.99272,2.99272,1.30816e-07,2.99272,-2.99272,1.30816e-07,2.99272,2.99272,0,0,0,-1.30816e-07,-2.99272,-2.99272,0.00564256,-2.46644e-10,0,1.30816e-07,2.99272,-0.0951029,0.779607,0.513517,2.98011,-6.54079e-08,-1.49636,-1.49636,-1.30816e-07,-2.99272,-2.99272,0.0197932,1.49636,1.49636,0.00595009,2.99272,2.99272,-0.0426321,1.48076,1.49636,-1.30816e-07,-2.99272,-2.99272,-6.54079e-08,-1.49636,-1.49636,1.30816e-07,2.99272,0,0.661213,1.49636,0,0.203942,-1.49636,1.17718,0.435422,0.391948,-1.70142,1.24138,0.410113,-1.49636,-6.54079e-08,-1.49636,1.28693,1.21073,-1.08625,1.36919,0.0165866,1.89646,-1.49636,-0.0282228,1.49636,2.99272,-9.81119e-08,-2.24454,-2.24454,-1.30816e-07,-2.99272,-2.99272,9.81119e-08,2.24454,2.24454,1.30482e-07,2.98508,2.99272,3.2704e-08,0.74818,0.74818,-1.30816e-07,-2.99272,-2.99272,-3.2704e-08,-0.74818,-0.74818,1.30816e-07,2.99272,0,0.240102,2.24454,-0.0204036,0.89833,-0.653426,2.21618,-0.00479793,2.09724e-10,-0.855647,1.05624,0.499868,2.96506,-0.0017601,-0.74818,-0.74818,-1.30816e-07,-2.99272,-2.99272,0.0591469,0.74818,0.74818,1.30816e-07,2.99272,2.99272,-0.0268469,2.21969,2.24454,-1.30816e-07,-2.99272,-2.99272,-9.81119e-08,-2.24454,-2.24454,1.30816e-07,2.99272,-0.0204036,0.528115,0.842933,0,-9.81119e-08,-2.24454,0.53908,1.16395,0.410113,-2.33964,0.54875,0.513517,-1.59615,0.488403,-0.233807,-1.49636,-9.81119e-08,-2.24454,-0.74818,0.0287926,-1.49636,-2.24454,-6.54079e-08,-1.49636,1.31636,0.374461,-0.541785,1.37737,0.406722,-1.73017,1.89297,0.259821,-0.996491,0.653077,0.661174,-0.982842,1.41163,0.121922,2.39858,1.35556,0.201214,1.24173,2.13846,0.0644036,1.75629,0.661254,0.314359,1.90338,-1.49636,-0.00673686,2.24454,-1.59194,0.607241,0.954574,-0.74818,0.133467,1.49636,-2.24454,0.0740507,1.49636,-2.26494,0.243432,0.842933,-0.768583,0.471294,0.842933,-0.74818,0.00162431,2.24454,0.616118,0.577796,0.954574,2.20335,0.0418571,0.836893,2.22413,-0.0654562,2.18757,0.727776,0.0841034,-2.14978,2.2231,0.0840877,-2.14978,2.0662,-0.0302113,-0.653426,-2.24454,-9.81119e-08,-2.24454,-0.74818,-9.81119e-08,-2.24454,-0.768583,0.379462,-0.653426,-2.26494,0.0841035,-0.653426,0.630937,0.686649,-0.382702,0.727776,0.142684,2.33929,-2.24454,9.81119e-08,2.24454],
    "metadata":{
        "generator":"io_three",
        "vertices":81,
        "version":3,
        "faces":64,
        "materials":0,
        "type":"Geometry"
    },
    "materials":[],
    "faces":[3,80,27,3,44,0,3,79,33,7,40,0,3,78,34,8,47,0,3,77,31,6,48,0,3,76,49,20,36,0,3,75,50,21,51,0,3,74,43,15,52,0,3,73,53,19,35,0,3,72,54,22,55,0,3,71,46,18,56,0,3,70,57,12,28,0,3,69,58,23,59,0,3,68,45,17,60,0,3,67,61,16,32,0,3,66,62,24,63,0,3,65,39,11,64,0,3,62,65,64,24,0,3,20,48,65,62,0,3,48,6,39,65,0,3,45,66,63,17,0,3,8,36,66,45,0,3,36,20,62,66,0,3,33,67,32,7,0,3,17,63,67,33,0,3,63,24,61,67,0,3,58,68,60,23,0,3,19,47,68,58,0,3,47,8,45,68,0,3,29,69,59,13,0,3,4,35,69,29,0,3,35,19,58,69,0,3,41,70,28,2,0,3,13,59,70,41,0,3,59,23,57,70,0,3,54,71,56,22,0,3,14,30,71,54,0,3,30,5,46,71,0,3,25,72,55,9,0,3,0,42,72,25,0,3,42,14,54,72,0,3,37,73,35,4,0,3,9,55,73,37,0,3,55,22,53,73,0,3,50,74,52,21,0,3,10,26,74,50,0,3,26,1,43,74,0,3,46,75,51,18,0,3,5,38,75,46,0,3,38,10,50,75,0,3,34,76,36,8,0,3,18,51,76,34,0,3,51,21,49,76,0,3,49,77,48,20,0,3,21,52,77,49,0,3,52,15,31,77,0,3,53,78,47,19,0,3,22,56,78,53,0,3,56,18,34,78,0,3,57,79,40,12,0,3,23,60,79,57,0,3,60,17,33,79,0,3,61,80,44,16,0,3,24,64,80,61,0,3,64,11,27,80,0]
}
